﻿text
"현대홈쇼핑은 주주가치 증진 및 권익보호를 위해 투명하고 합리적이며 안정적인 경영기반을 갖추고자 노력하고 있습니다. 현대홈쇼핑 이사회는 회사의 최고의사결정기구로서 법령 또는 정관이 규정하고 있는 사항, 주주총회를 통해 위임받은 사항, 회사 경영 기본방침 및 업무 진행에 관한 중요 사항을 심의·의결하고 있으며, 경영진의 업무를 감독하고 있습니다. 이사회는 주주총회에서 선임한 7명의 이사로 구성되어 있으며, 경영진과 지배주주로부터 독립적인 기능을 수행할 수 있도록 과반수(2022년 3월 기준, 이사 7명 중 사외이사 4명으로 전체 구성원 대비 57%)를 사외이사로 구성하고 있습니다. 당사 정관에 따라 이사회 임기는 2년으로 하며, 상법에 따라 사외이사의 총 연임 기간은 6년을 초과할 수 없도록 규정하고 있습니다. "
(現) 현대홈쇼핑 대표이사 사장 (前) 현대홈쇼핑 영업본부장 (前) 현대홈쇼핑 경영지원본부장 
(現) 현대홈쇼핑 영업본부장 전무이사 (前) 현대홈쇼핑 생활사업부장 (前) 현대홈쇼핑 Hmall사업부장 
"현대홈쇼핑은 이사 선임 시 전문성과 개인적 역량을 검증하여 주주총회에 후보자를 상정하고 있습니다. 후보자의 역량평가 및 이사회 선임에 있어서는 연령, 성별, 학력, 출신 지역 등을 한정하지 않고 다양한 시각에서 독립적으로 판단할 수 있는 후보를 우선적으로 고려하고 있습니다. 객관적인 후보 추천 및 검증을 위해 사외 이사후보추천위원회를 운영하고 있으며, 이사회의 전문성, 책임성, 다양성 확보를 위해 법무/회계/재무/ 세무/방송 등 관련 분야의 지식이나 실무적 경험이 풍부한 전문가로 구성하고 있습니다. 사외이사는 회사에 대하여 언제든지 직무수행에 필요한 정보 제공을 요청하거나 외부 전문가의 자문을 받을 수 있으며, 감사위원회 위원의 경우 내부회계관리제도 관련 법령 및 규정에서 정하는 사항 등에 대한 교육을 실시하여 효과적인 직무수행을 지원하고 있습니다. "
"이사회의 효율적이고 전문적인 의사결정을 위해 이사회 내 총 7개의 위원회(감사위원회, 사외이사후보추천위원회, 보상위원회, 내부거래 위원회, 소비자보호위원회, 채널편성위원회, ESG 경영위원회)를 설치해 운영하고 있습니다. 감사위원회는 독립성을 강화하기 위해 전원이 사외이사로 구성되어 있으며, 1명 이상의 회계/세무 전문가가 위원으로 구성되어 있습니다. 또한 사외이사후보추천위원회는 사외이사 선임 과정에서의 공정성을 기하기 위해 구성원 4명 중 3명의 위원을 사외이사로 구성하여 운영하고 있습니다. 기타 위원회도 과반수를 사외이사로 구성하여 지배구조 내 상호견제와 균형을 갖추고 있습니다. 2021년에는 이사회 중심의 ESG 경영을 강화하고 실천하기 위해 ESG 경영위원회를 신설했습니다. "
"현대홈쇼핑은 이사회의 권한과 책임, 운영 절차 등을 구체적으로 규정한 이사회 운영 규정을 바탕으로 이사회를 효율적이고 합리적으로 운영해 최선의 경영 의사를 결정하고자 노력하고 있습니다. 이사회는 규정에 따라 재무제표 승인과 정기 주주총회 소집 등을 위해 분기별 1회 정기 이사회를 개최하고 있으며, 필요 시 임시 이사회를 개최하고 있습니다. 2021년에는 정기 이사회 4회와 임시 이사회 5회를 개최하여, 총 9회의 이사회를 통해 24건의 결의 안건을 의결했습니다. 이사회 결의는 관련 법령에 따른 정함이 있는 경우를 제외하고는 이사 과반수의 출석과 출석이사 과반수로 합니다. 또한 결의에 관하여 특별한 이해관계가 있는 이사는 의결권 행사를 제한하여 이해 상충 가능성을 제도적으로 차단하고 있습니다. "
"현대홈쇼핑은 2021년도부터 이사회 및 사외이사 평가 제도를 도입 하였으며, 평가 결과를 이사회 보고 및 사업보고서 등에 공시하고 있습니다. 사외이사 평가는 이사회 지원 전담 조직인 경영관리팀에서 수행하고 있으며, 직전 사업연도 활동에 대한 평가는 다음 해 정기 주주총회 이전에 실시하고 있습니다. 또한 내부 평가에서 안전보건, 조직문화, 사회공헌, 동반성장, 고객관계관리, 디지털 혁신 분야 등의 목표 달성 여부를 사내이사 평가에 반영하고 있습니다. CEO를 포함한 사내이사 보수는 보상위원회 및 이사회에서 업무성과 평가 보고 후 지급 한도 등을 정해 매년 주주총회에서 승인하고 있습니다. 사외이사의 보수는 정기적으로 지급되는 기본 보수와 이사회 규정에 따른 경비 등으로 구성되며, 직무수행의 책임과 위험성 등을 고려하여 적정한 수준을 결정하고 있습니다. 내부 기준에 따른 사외이사 개별 평가 결과는 사외이사 제도의 취지를 저해할 수 있다는 우려에 따라 보수에는 반영하고 있지 않습니다. 또한 회사와 특수관계가 있게 되거나 독립성이 훼손되지 않도록, 사외이사에게 별도의 주식매수 선택권을 부여하고 있지 않습니다. "
"현대홈쇼핑은 2021년 11월 이사회 내 ESG 경영위원회를 신설하고 위원회와 추진 협의체를 중심으로 부문별 ESG 경영 실천을 통해 지속가능한 성장을 추진하고 있습니다. ESG 경영위원회는 정기적으로 ESG 경영과 관련된 회사의 주요 사항을 심의하고 이를 최고 의사결정 기구인 이사회에 보고하며, 이사회는 관련 안건을 승인하여 회사의 ESG 경영을 감독하고 있습니다. "
현대홈쇼핑은 건전하고 투명한 지배구조 확립에 대한 의지 공표 및 주주 등 모든 이해관계자에게 지배구조에 
"관한 구체적인 정보를 제공함으로써 신뢰를 확보하기 위해 2019년 8월 기업지배구조 헌장을 신규 제정 하였으며, 2022년 2월 1차 개정안을 발표했습니다. 당사의 기업지배구조 헌장 전문은 홈페이지에서 확인할 수 있습니다. "
"현대홈쇼핑은 당사 비전인 ‘세상을 풍요롭게’를 기반으로 임직원을 비롯한 사회 전 구성원에게 친환경 가치를 제공할 수 있도록 환경을 최우선 가치로 생각하고 있습니다. 현대홈쇼핑은 당사의 환경 친화 경영 의지와 실천이 담긴 ‘H-YEP(Yes! Environment Protection)’ 슬로건을 중심으로 사업 과정에서 발생하는 환경적인 해악을 줄이고(DOWN), 유익함을 창출(UP)하기 위해 그룹사의 ESG 전략과 연계한 현대홈쇼핑의 자체척 중장기 목표를 수립하여 지속가능한 미래를 위한 환경 친화 경영을 실천하고 있습니다. 또한 TCFD(Task Force on Climate-related Financial Disclosures) 권고안을 충실하게 이행하고자 본 보고서에 첫 정보 공개를 실시하였습니다. "
"현대홈쇼핑은 친환경 중장기 경영 전략인 H-YEP(Yes! Environment Protection) 실현을 위해 2021년 10월 관리담당 사업부 직할 환경분야 전담 조직을 구성했습니다. 새로 구성된 안전환경파트에서는 전사적인 환경경영체계 운영을 담당하고 있으며, ESG 경영위원회 및 ESG 추진 협의체와 함께 친환경 경영 지표에 대한 체계적인 관리/점검/평가를 진행하고 있습니다. "
"2021년 11월 ESG 경영 강화 및 ESG 경영의 체계적 실천을 위해 사외이사 3인과 사내이사 1인으로 구성된 ESG 경영위원회를 신설하여 친환경 관련 투자, CSR, 안전 및 보건 활동, ESG 리스크 관리 활동을 추진하고 있습니다. 또한 최고경영자(CEO)는 조직의 지속적인 적절성, 충족성 및 효과성을 보장하기 위해 환경경영 시스템 및 리스크와 기회를 포함한 환경경영 관련 사항을 주기적으로 검토하고 있습니다. "
"• 친환경 관련 투자 및 CSR활동, 안전/보건 활동, ESG 리스크 관리 등에 대한 심의 "
현대홈쇼핑은 환경경영시스템에 따라 당사의 환경경영과 관련된 리스크와 기회를 식별하고 이와 관련된 친환경 경영 활동 및 목표수립을 통해 리스크와 기회를 관리하고 있습니다. 향후 당사에 최적화된 기후변화 영향 분석을 실시하여 중장기적 리스크와 기회요인을 체계적으로 관리해 나갈 예정입니다. 
"현대홈쇼핑은 2021년 3월 친환경 경영을 포함한 ESG 행동지침이자 관련된 리스크 방지를 위한 ‘ESG 리스크 관리 규정’을 제정하여 보다 체계적으로 환경 리스크를 관리하기 위해 노력하고 있습니다. 이를 통해 효과적이고 유기적인 환경 및 기후변화 대응 리스크 관리 체계를 갖추고, 향후 중장기 계획에 대해 전 임직원 및 이해관계자들이 공감할 수 있는 활동 실행 및 커뮤니케이션을 통해 리스크에 전사적으로 대응하고 있습니다. "
"현대홈쇼핑은 2021년 9월 국제 표준 환경경영시스템(ISO14001) 인증을 획득하고, 국제 표준에 부합하는 내부 환경경영시스템을 확립했습니다. 또한 환경경영방침을 제정하고 환경경영에 대한 적극적 실행 및 환경 영향의 지속적 개선 방안을 체계화하였으며, 이를 공유하여 환경경영 과정에 전 임직원과 협력사가 함께 참여할 수 있도록 하였습니다. "
"• 환경경영 과정에 근로자 참여와 협의, 공급자·계약자가 방침과 요구사항을 준수하도록 유도 "
"현대홈쇼핑은 ISO14001의 단계별(PDCA) 요구사항에 따라 주기적으로 리스크와 기회를 식별하며, 당사의 환경경영시스템에 대한 점검을 실시하고 있습니다. 효율적인 환경경영시스템 운영을 위한 내부심사와 준수 평가를 병행하여 수립된 환경경영시스템이 적절히 시행되고 있는지, 관련 법규 및 그 밖의 요구사항이 준수되고 있는지 등의 사항들을 종합적으로 점검합니다. 또한 결과는 관련 부문에 공유하여 개선 계획을 수립해 이행할 수 있도록 하며, 추진 실적이 현저히 미흡한 사항에 대해서는 시정조치요구서(CAR)를 발행하여 환경경영 수준을 향상하도록 유도하고 있습니다. ’21년 내부심사 결과 확인한 12개의 관찰/권고 사항에 대해서는 모두 개선 조치 활동을 완료하였습니다. "
"우리나라는 기후변화 대응을 위해 2050년 탄소중립을 목표하고 있습니다. 기후 변화 및 환경 보호에 대한 기업의 책임이 강조되고 있는 만큼 당사는 사회 구성원으로서 그 역할을 다하고자 합니다. 현대홈쇼핑은 2021년 9월 환경경영시스템 인증을 통해 내부 환경경영체계를 구축하고, 환경경영 목표를 수립하였습니다. 온실가스 배출량, 에너지소비 등에 대한 관리를 강화하고 체계적인 중장기 전략을 수립하여 단계적으로 2050 탄소중립을 실현해 나가겠습니다. "
"현대홈쇼핑은 회의실 내에 스마트 기기를 비치하여 페이퍼리스 회의 환경을 조성하고, 친환경 물류 환경을 구축하는 등 온실가스 배출 감축과 에너지 효율화를 위한 전사적 투자를 추진하고 있습니다. 현대홈쇼핑의 온실가스 배출량은 2019년부터 지속적으로 전년대비 감소세를 이어오고 있으며, 2022년부터는 그룹의 탄소중립 로드맵에 따라 2050년 에코 스마트 오피스 구축을 목표로 온실가스 배출량을 체계적으로 감축해 나갈 예정입니다. "
현대홈쇼핑은 사업 특성상 조직 내 에너지 소비량 중 전력이 차지하는 비중이 높은 만큼 전기 에너지 사용 절감을 위한 다양한 투자와 노력을 지속하고 있습니다. 2010년에는 회사 본관 옆면에 태양광 패널을 설치 하여 약 3.08kw/H의 전력을 자체 발생 시켜 전년대비 8.6%의 에너지 감축 효과를 거두었습니다. 또한 사내 노후 등기구를 절전형 LED로 교체하고 방송 스튜디오에서도 LED 조명 사용을 확대하며 사내 에너지 사용 절감을 위한 활동을 적극적으로 추진하고 있습니다. 
"현대홈쇼핑은 물 사용량 감소를 위해 사내 중수도 시설물을 구축했습니다. 이를 통해 당사는 연간 용수 총 사용량의 20%를 재활용하고 있습니다. 또한, 현대홈쇼핑 사옥 내에 제작된 친환경 캠페인 스티커를 주요 시설에 부착하여 직원들의 자발적인 행동 변화를 유도하고 이를 통해 일상 생활 속에서 용수 절약을 실천하고 있습니다. "
"현대홈쇼핑이 배출하는 폐기물은 크게 사무폐기물과 물류폐기물, 그리고 방송폐기물로 나눌 수 있습니다. 당사는 각 배출처별 다양한 절감 활동을 진행 중이며 전체 배출량에서 가장 큰 비중을 차지하는 방송폐기물 감축을 위해 미디어월(Media Wall) 구축 등 방송 환경 변화에 적극적인 투자를 추진하고 있습니다. 현대홈쇼핑에서 발생되는 폐기물은 환경경영방침 내의 폐기물 처리 지침에 따라 처리되고 있으며, 2019년부터 폐합성수지류 폐기물은 전량 재활용 업체에 전달 되어 단순 소각처리 되지 않고 100% 연료 및 고형연료제품으로 재활용 처리되고 있습니다. 당사는 2050년까지 사내폐기물을 이용한 에너지 자립을 목표로 하고 있으며, 발생하는 폐기물에 대해서는 활용 가능한 재생에너지로 전환하여 사용할 수 있는 자원 순환 환경을 구축하기 위한 노력을 지속할 것입니다. "
현대홈쇼핑은 LED 스튜디오인 미디어월(Media Wall) 확대를 통해 방송폐기물을 감축하여 친환경 방송 환경을 구축하고자 노력합니다. 2016년과 2020년 개관 이후 2022년 3월 3번째 미디어월 스튜디오를 오픈하여 운영하고 있습니다. 향후 미디어월 스튜디오를 더욱 확대 운영하여 친환경 경영을 실천하고자 합니다. 
현대홈쇼핑은 폐기물로 인한 환경오염 문제에 대한 사회적 인식 변화에 맞춰 유통단계에서도 친환경 활동을 전개하여 폐기물 배출을 줄이는 동시에 환경보호라는 사회적 가치를 실현해 나가고자 합니다. 
"현대홈쇼핑 물류센터에서는 물류 포장재와 관련한 환경 운영 방침을 기반으로 자원순환을 실천하고 있습니다. 물류센터에서 자체 포장을 진행하는 직매입 상품의 경우 친환경 포장재를 의무 사용하고 있으며, 포장이 완료되어 입고되는 협력사 상품의 경우 신규 입점 상담 시 당사 품질연구소를 통해 포장가이드를 전달하여 친환경 포장재 사용을 권고하고 있습니다. 출고 후 반품된 상품을 처리 과정에서는 부자재 손상을 최소화하여 부직포 등의 부자재를 적극적으로 재활용합니다. 또한 물류센터 내에서 발생되는 모든 폐지 및 쓰레기는 분리배출을 실시하여 자원 재활용을 최대화하고 있습니다. "
현대홈쇼핑은 포장재의 소비/폐기 과정에서 재활용률을 높이기 위해 포장재 겉면에 재활용 분류 표기를 하여 소비자의 재활용 인식도를 높이고 있습니다. 
"현대홈쇼핑은 물류 포장 시 접착제를 사용하지 않고 100% 종이 소재로 만들어 재활용이 편리한 친환경 포장 박스를 사용하고 있으며, 포장 부자재 역시 종이 소재의 완충재와 테이프, 아이스팩을 사용 중입니다. 또한 의류 포장의 경우 재생원료(폐폴리백에서 추출한 재활용 수지)를 약 80% 함량한 친환경 폴리백을 제작해 사용하고 있습니다. 이는 기존 폴리백을 제작할 때와 비교해 탄소 발생량을 70%가량 감소시키고 자연 생분해가 가능한 제품으로, 현재는 PB상품 포장에 주로 사용하고 있으나 향후 2~3년 이내에 전체 패션 상품 포장으로 사용 범위를 확대해 나갈 예정입니다. 2022년에는 옥수수 전분으로 만든 친환경 완충재 (내추럴폼)를 도입할 예정이며, 당사는 지속적인 친환경 포장재 개발 및 도입을 통해 폐기물 배출을 줄이는 동시에 환경보호를 실천해 나가고 있습니다. "
"3) (계약기간 만료, 명예퇴직 등에 따른 비자발적 이직 임직원 수 / 보고 연도 말 전체 임직원수) x 100 "
"근로기준법에 따라 직원 외 근로자에 대해서도 최저임금을 준수하며, 향후 내부 지침에 기준 준수에 대해 명시할 예정임 "
"품질연구소는 QA(Quality Assurance) 가이드라인에 따라 홈쇼핑을 통해 방송되는 상품과 현대 Hmall(온라인몰)에서 만날 수 있는 수많은 상품에 대한 품질 검사를 수행합니다. 방송 전 QA 검토는 사전, 현장, 입고의 3단계로 나눠 진행되며, 방송진행 후에는 전문기관 시험분석과 당사 자체 검사를 통해 철저하게 관리하고 있습니다. 또한 방송에서 전달되는 정보의 내용이 공정성과 공공성을 유지하는지 여부를 자체적으로 심의하여 소비자의 권익을 보호하고 있습니다. "
(<https://image.hmall.com/company/files/affiliate/Hyundai_Homeshopping_QA_Guide.pdf>)QA 가이드라인 
엄격한 QA 가이드라인의 준수를 통해 현대홈쇼핑의 2021년 상품/서비스의 건강 및 안전 영향 관련 법규 위반 내용은 없습니다. 향후에도 철저한 품질관리가 지속될 수 있도록 노력하겠습니다. 
현대홈쇼핑은 자체 심의활동과 ‘허위·과장 방지 위원회’ 운영을 통해 소비자의 권익을 보호하고 방송통신심의 위원회 규정을 준수하여 제재* 최소화 및 채널사용 사업**을 지속하고 있습니다. 
제재: 방송법 제100조 1항(제재조치 등) 방송통신심의위원회는 방송사업자가 제33조의 심의규정을 위반한 경우 5천만 원 이하의 과징금을 부과하거나 제재조치를 명할 수 있다. 
" 채널사용사업자: 방송법에 따라 과학기술정보통신부 장관의 승인을 받아야 하며, 승인 기간 만료 후 재승인을 득해야 함 "
"방송 자막, 영상, 판넬, 출연자 멘트 등 모든 방송 구성요소를 방송 전/방송 시간 중 심의하여 관련 법령을 준수합니다. 사전 녹화하여 송출되는 데이터방송의 경우 방송 송출용으로 사전 제작된 영상물을 심의하고 있습니다. "
상품 및 소비자 관련 외부 전문가 5인으로 구성된 ‘허위·과장 방지 위원회’를 월 1회 운영하여 전문가단의 자문을 통해 방송의 진정성을 제고하고 소비자 보호 활동을 강화하고 있습니다. 
"상품별 서류 및 샘플 점검을 통해 상품전반의 사전 품질관리를 시행 합니다. 법적준수 사항 이행 여부부터 원산지 검증 및 품질 적합도 확인, 방송 품질 소구 관련 증빙자료까지 철저하게 검토합니다. "
"대외 품질 위험을 예방하기 위해 방송 전 제조사 또는 물류센터에 방문하여 생산 및 위생점검, 시설평가, 완제품 샘플링 점검을 실시하는 현장 QA를 운영합니다. QA 기준에 따라 상품 위생, 물량 준비, 적재 상태, 제품 외관 및 포장 상태 등을 전반적으로 점검하며, 부적합 협력사의 경우 개선 지도 및 관리하고 있습니다. "
"현대홈쇼핑 물류센터 입고 상품을 대상으로 샘플링 점검을 통해 입고 가능여부를 최종적으로 검사하는 입고 QA를 실시합니다. 구성품의 혼입, 상품오염, 내외관 불량표시, 정보오류 등을 중점적으로 점검합니다. "
"현대홈쇼핑은 상품 사후 관리를 통해 고객에게 더 건강하고 안전한 상품을 제공하기 위해 노력합니다. 상품평, 품질불량 체크를 통한 피드백 반영과 상품 테스트(시험기관, 자체) 등을 다면적으로 진행하고 있습니다. "
상공회의소는 정부 검사기관에서 시중에 유통되는 상품을 수거하여 판정한 위해상품 정보를 유통사에 전달하는 ‘위해상품 판매차단’ 시스템을 운영하고 있습니다. 현대홈쇼핑은 해당 사업에 참여하여 상공회의소 위해상품 리스트에 연동된 당사 시스템을 활용해 대상상품 발생 시 즉시 판매 중단 처리하고 있습니다. 
상품의 사후 리스크 관리를 위해 고매출 상품* 및 이슈상품을 대상으로 자체 진정성 검사**를 진행하고 있습니다. 또한 외부 기관 및 언론 보도에 언급된 이슈 상품에 대한 검사를 추가적으로 진행하여 외부 품질 이슈에 대응하고 있습니다. 
"* 고매출 상품: 비편성상품 월 매출 1억 원 이상 / 라이브, 데이터방송 상품 분기 매출 상위 10개 상품 대상 "
"현대홈쇼핑은 고객 진정성을 강화하기 위해 Live, 데이터 방송으로 판매되는 주얼리(보석) 상품에 대해 감정서 발급을 진행하고 있습니다. 방송 전, 후 판매된 주얼리 전량에 대해 감정원 입고 후 전수검사 및 감정서 발급을 운영합니다. 또한 협력사 상생을 위해 업계에서 유일하게 해당 보석 감정료를 지원하고 있습니다. "
"화장품 제조사 중 제조사 인증 미획득 업체를 대상으로 컨설팅을 지원하고 있습니다. 외부 전문기관의 검사관과 동행하여 제조사의 필수 서류, 위생, 설비, 인력배치 등 인증에 필요한 전반적인 항목을 체크합니다. 검사 완료 후 개선점을 담은 평가 레포트를 제공하며, 이후 재평가를 진행하여 인증 취득을 지원하고 있습니다. "
"상품 진정성 확보 및 유해물질 검사를 위한 공인 시험연구기관과 제휴하여 당사에 제출한 협력사의 시험검사비 할인을 제공하고 있습니다. 또한 해당 기관과 협의하여 사내 QA, MD, 심의 인원의 각 제품별 품질 관련 전문지식 교육과 협력사 대상 직무전문성 강화 교육을 제공하고 있습니다. 2022년 보고서 작성일 기준  24개 기관과 제휴 중이며, 세부 제휴 기관은 당사 홈페이지에서 확인 가능합니다. "
(<https://company.hmall.com/html/business/business_safety-1.html>)제휴현황 
코로나19 이슈로 해외 제조사에 대한 점검이 제한되어 제품 품질관리를 지속하기 위해 2020년부터 글로벌 시험연구기관 해외 지사 인프라를 활용하여 제조사 위탁 점검을 시행했습니다. 현지 제조사 인력 파견을 통한 점검 후 도출된 개선 사항에 대한 레포트를 기반으로 제품 점검 및 품질을 개선할 수 있었습니다. 
"현대홈쇼핑은 미래 환경변화에 능동적으로 대응하기 위해 VISION 2030 실천가치인 ‘열정, 소통, 창의, 파트너십’에 더해 ‘안전과 친환경’ 가치를 추가하여 구성원의 사고와 행동기준을 재정립하고, 전사에 공유하여 경영 활동 전반에 안전보건을 최우선 가치로 두고 있습니다. 당사는 안전보건 관계법령을 준수하고, 중대재해 ZERO와 안전한 근무환경 구현을 목표로 매년 회사의 안전·보건에 관한 계획을 수립하고 이사회의 승인을 받고 있습니다. 2021년에는 안전보건 경영방침 및 관리규정·가이드를 제정하고 전담조직을 운영하여 사업장 안전보건 업무를 체계적으로 관리하기 위한 기틀을 마련하였습니다 . "
"산업안전보건법에 따라 사용자위원 9명과 근로자위원 9명으로 구성된 산업안전보건위원회를 운영하고 있습니다. 위원회는 매 분기별 안전보건 관련 각종 활동 및 주요 사안에 대한 심의와 의결을 진행하며, 회의 결과는 사내게시판 또는 이메일을 통해 임직원에게 공유하고 있습니다. "
"현대홈쇼핑은 선제적으로 사업장 내 위험과 산업재해를 예방하기 위해 노력하고 있습니다. 업계 최초로 국제표준인 안전보건경영시스템 (ISO45001) 인증 취득을 목표로 하고 있으며, 2022년 내 최초 심사 진행 및 인증 예정입니다. "
"2022년 1월 27일부터 중대재해처벌법이 시행됨에 따라 당사는 선제적으로 대응 활동을 진행했습니다. 2021년 8월, 현 수준 파악을 위한 현장 및 서류 이행상태 특별점검을 실시하였고, 대형 법무법인 세미나 참석 및 관련 업체 수시 모니터링을 통해 중대사고 발생 예방 활동을 계속해 나가고 있습니다. "
"현대홈쇼핑은 2021년, 산업안전보건법상 요구되는 회사 경영방침 및 관리규정을 제정하고, 업무와 세부지침을 위한 가이드를 마련했습니다. 또한 협력사를 포함하여 안전보건 업무별 상세 운영 기준 및 관리 기준을 마련하여 체계적으로 안전보건 현황을 파악하고 위험 요인을 밀착 관리하고 있습니다. 그 외에도 위험상황 발생 시 작업 거부권을 보장하고 있으며, 안전보건 관리체계에 따라 사고조사를 실시하고 있습니다. 2022년에는 공사업체 외주작업 안전관리 체계를 확립하고, 산업안전보건법, 위험물법, 화학물질관리법 준수를 위한 화학물질 사전허가절차 수립을 통해 사내 안전보건 수준을 강화하고자 합니다. "
"현대홈쇼핑은 전 사업장과 사내 협력사를 대상으로 연 1회 정기 위험성평가를 실시하고, 공정/작업의 변경 또는 중대한 사고 발생 시 수시평가를 실시하고 있습니다. 2021년에는 고위험작업과 설비 점검 및 정례화를 통해 현장 위험요인을 파악하고 개선했습니다. 또한 협력사 자체 순회점검(주 1회)과 원하청 합동점검(분기 1회)를 실시하여 수평적인 안전보건활동을 전개하고 있습니다. 당사는 2022년 4월 정기 위험성 평가를 실시하였고, 발견된 위험요인의 위험성 수준과 감소대책 우선순위에 따른 종합 대책 수립을 완료하였습니다. "
"현대홈쇼핑은 사내 협력사 12개 사와 유기적인 안전보건 체계 구축을 통해 산업재해를 효과적으로 예방하고 있습니다. 2022년 사내 협력사 대표 및 안전 담당자를 포함한 안전보건  공생협력단을 조직하고, 유기적인 원하도급 간 안전보건 체계를 구축하였습니다. 아울러 협력사 임직원의 안전 수준을 향상하고 산업 재해 발생 예방을 위해 협력사 안전보건 협의체를 월 1회 정기 운영하여 안전보건 관련 위험성평가 및 개선을 지원하고 의견을 수렴하고 있습니다. 또한 정기적인 작업장 순회 및 합동점검과 연 2회 ‘도급업체 안전보건평가 "
"체크 리스트’로 전 사업장 안전보건 사항 법규 준수 여부를 평가하며, 정기 및 수시 위험성 평가와 매년 진행되는 안전보건 교육을 통해 작업환경을 개선하고 있습니다. "
"* 안전보건 및 재해사고 관리 협력사: 천호사옥 및 군포 물류센터, 청주 콜센터 내 시설관리, 급식, 방송인력 관련 업체 등 "
"산업안전보건법에 따라 전 임직원을 대상으로 분기마다 정기 안전보건 교육을 실시하고 있습니다. 직무 전문성 및 역량 강화를 위해 안전보건 직무 근로자 및 감독자는 화학물질 취급, 위험성 평가 등에 대한 별도 직무 교육을 추가로 수료합니다. 교육 외에도 고위험 환경 근무자에 대해서는 사고 예방과 위기상황 대처를 위한 대응훈련을 진행하여 임직원의 안전보건 사고 예방을 위해 노력하고 있습니다. "
* Material Safety Data Sheet: 화학물질을 안전하게 사용하고 관리하기 위하여 필요한 정보를 기재한 자료 
"2) 위반 정도가 경미하여 제재조치를 명할 정도에 이르지 않는 경우, 의견제시 및 권고 사항 "
3) 방송평가에 감점으로 반영되는 제재조치로 1점부터 10점까지 제재조치 건별 점수 상이함 
"4) 근로복지공단 산업재해 승인 건수 기준, 출퇴근재해 포함, (산업재해 수/총 임직원 수)x100 "
"5) 근로복지공단 산업재해 승인 건수 기준, 출퇴근재해 제외(사고 유형: 전도 사고, 지게차 충돌 사고) "
"6) (총 근로손실재해 건 수/총 근로시간 )x 200,000(근로자 수는 해당년도 연말 기준, 근로시간 주 40시간x52주) "
"현대홈쇼핑은 정보보호 관리규정 및 정보보호 실무지침, 개인정보보호실무지침을 기준으로 정보보호 및 개인정보보호 활동을 수행하고 있습니다. 2021년에는 정보보호 정책개정을 통해 대외 요구사항을 반영하고 정보보안을 강화했습니다. ISMS-P 인증 유지를 통해 당사 활동이 인증기준에 적합함을 증명하고 있으며, 관리적/기술적 취약점을 사전에 진단하고, 모의 해킹 등을 통해 리스크 예방 조치를 하고 있습니다. "
"2021년 현대홈쇼핑의 목표는 정보보호 위반 민원 발생, 개인/기업정보 유출 및 도난 사고 발생, 데이터 침해 건수 발생 ZERO화로 사전 예방을 통해 목표 달성함 "
"현대홈쇼핑은 정기적으로 수행하는 정보보호 운영 지표를 통합하여 종합적이고 효율적인 관리 체계를 수립하기 위해 정보보호 운영 지표 관리와 보고 체계 개선을 수행했습니다. 먼저 보안 수준 강화를 위해 관리체계를 수립하고, 보호대책 요구사항, 개인정보 처리 단계별 요구사항을 102개의 점검 항목으로 체계화 했습니다. 둘째, 컴플라이언스 준수를 위해 유사 건과 중복 항목을 삭제하여 항목별 수행 부서를 재분장하고 주관부서를 일원화 시켜 보고 체계를 단일화했습니다. "
"현대홈쇼핑은 ISMS, PIMS 인증이 ISMS-P* 인증으로 통합된 후 2020년에 ISMS-P 신규인증을 최초로 획득하였으며, 2022년에는 사후 인증 심사를 진행할 예정입니다. 당사는 ISMS에 부합하는 관리체계를 기반으로 5가지 통합 정보보호 운영 지표를 정기적으로 점검하며, 점검 항목 체계화 작업을 통해 사내 보안 수준을 강화하고 있습니다. "
* ISMS-P 인증: 정보보호 및 개인정보보호를 위한 일련의 조치와 활동이 인증기준에 적합함을 인터넷진흥원 또는 인증 기관이 증명하는 제도 
"현대홈쇼핑은 대표이사 직할의 독립적인 역할을 부여한 조직체계를 구축하여 전사적으로 정보보호 활동에 대한 종합적이고 고도화된 관리·감독을 실시하고 있습니다. 정보보호최고책임자(CISO)는 정보보호 관련 지식을 갖추고 있으며, 정보보호위원회는 정보보호 및 개인정보보호와 관련된 정책 및 지침을 수립하고 주요 사안들에 대한 의사결정을 진행합니다. 또한 정보보호실무위원회에서는 부서별 정보보호 담당자와 실무자들이 위원회의 논의사항을 실무에 적용·반영하고, 부서별 요구사항 및 활동 결과를 보고하는 등의 역할을 수행하고 있습니다. "
"정보보호실무지침에 따라 침해사고의 효과적 대응을 위해 정보보호최고책임자(CISO)를 중심으로 대응체계를 구성하고, 침해사고 시 구성원의 행동 요령을 포함하는 대응기준을 수립하고 있습니다. 정보보호 관련 조직은 실무지침 내 정보보안 사고 대응 프로세스에 따라 정보보안 침해사고에 대응하고 있습니다. "
현대홈쇼핑은 정보보안 사고에 대한 선제적 대응을 위해 연 1회 정보보안 내부 감사를 비롯해 사내 위험평가 매뉴얼에 따른 전 영역 위험평가를 실시하고 있습니다. 또한 600개 협력사에 대한 정보보호 현장 관리 점검을 통해 전사적 사고 예방을 위해 노력했습니다. 협력사 관련 내용은 동반성장 활동 페이지에서 확인할 수 있습니다. 
"현대홈쇼핑은 위험평가 매뉴얼에 따라 매년 사내 전 영역 위험평가를 실시하고 있습니다. 위험평가 결과에 따라 고위험, 중위험, 저위험으로 구분하고 관리체계 취약점 27개 중 위험수용 항목을 제외한 위험조치 계획 22개를 수립했습니다. "
현대홈쇼핑은 사무실 보안점검 체크리스트에 따라 부서별 정보보호 실무자의 자체 점검을 정기적으로 진행하고 있습니다. 사무실 출력물 관리와 사무공간 등의 보안을 점검하였으며 부서별 미조치 인원은 정보보호 종합 평가지수에서 감점을 반영했습니다. 
"내부 정보보호관리자는 정보보호 및 개인정보보호 관리체계 인증기준, 정보보호 관리규정 및 실무지침을 기준으로 내부감사를 수행하여야 합니다. 현대백화점그룹의 2021년 정보보안 감사결과에 따라 도출된 보완조치사항 7개에 대해 100% 이행조치를 실시했습니다. 현대홈쇼핑은 앞으로도 체계적인 리스크 관리 활동을 통해 고객 정보 보호에 최선을 다하겠습니다. "
코로나19로 인해 전 직원 및 상담원 원격 근무 환경을 구성하고 보안을 강화하기 위해 2020년 7월 VPN 솔루션을 구축했습니다. 해당 솔루션은 노트북 반출 시 외부 악성코드 감염 위험을 예방하기 위한 기술 보안 시스템으로 SSLVPN 접속 전 인터넷 및 유해사이트 접속 차단을 적용 했습니다. 전 직원 2차 인증(OTP)을 적용하여 사내 시스템의 접근 보안을 강화했습니다. 
"개인정보보호위원회와 한국인터넷진흥원과 협력하여 일상생활 속 개인정보보호 실천문화를 확산하기 위해 당사 고객, 임직원을 대상 으로 ‘내정보 지킴이 캠페인’을 진행했습니다. 로비, 승강기 앞 그리고 협력사 상담실 내에 포스터 내정보 지킴이 포스터를 게시하고, 개인 정보보호수칙과 정책 등을 담은 카드뉴스 메일 발송을 통해 임직원의 캠페인 참여를 독려했습니다. 아울러 당사 정보보호 활동에 대한 고객 신뢰 향상을 위해 현대 Hmall 내 캠페인 홍보 배너를 노출하고, SB (Station Break)방송으로 개인정보보호 애니메이션을 60회 이상 송출했습니다. "
"현대홈쇼핑은 전체 임직원과 고객센터 상담사 및 협력사를 대상으로 정보보호 교육을 시행하여 전 사업장에 걸쳐 정보보호 의식을 내재화 하고 있습니다. 정기 교육은 매년 1회 진행되며, 수시 교육은 임직원, 상담사 입사 시, 협력사 신규 입점 시 그리고 위반사항 발생 시 진행되고 있습니다. 또한 정보보호 담당자의 경우 직무 역량 강화를 위해 별도 직무 교육을 추가로 진행하고 있습니다. 모의침해 훈련을 통한 위규자 발생 시에는 위반사항 예방을 위한 교육을 수시 실시하고 있으며, 교육 후 재발방지 서약서 제출을 통해 보안 의식을 제고하고 있습니다. "
"현대홈쇼핑은 개인정보 보호법에 따라 고객이 홈페이지 내에서 개인정보 수집 및 이용 현황, 개인정보의 처리 위탁, 개인정보의 제3자 제공 내용 등을 확인할 수 있도록 하며, 고객 또는 자격을 갖춘 대리인이 당사 홈페이지에서 개인정보 열람을 신청할 수 있게 하고 있습니다. 개인정보 열람요청 시 접수 10일 이내 결과를 회신 받을 수 있습니다. "
"공정하고 투명한 거래질서를 확립하고 협력사와 상생 파트너십을 구축하기 위한 ‘대외협력담당’ 사업부를 두고 산하의 법무팀, 심의팀, 대외협력팀이 공정거래 및 동반성장 제반 업무를 전담하고 있습니다. "
"협력사의 원활한 자금 운용을 위해 대금지급일을 업계 최단 기간으로 조정했습니다. 모든 입점 업체에게 마감 5일 이내(영업일 기준) 모든 대금을 지급하고 있으며, 이는 연간 약 6천억 원 상당의 자금 지원과 동일한 효과입니다. "
"시중 4개 은행(기업, 우리, 신한, 농협)과 연계하여 중소협력사를 위한 상생펀드를 조성해 시중금리 대비 최대 1% 이상의 대출금리 할인을 지원하고 있습니다. 또한 금융권 대출과 별개로 보증보험 입보 하에 당사의 상생협력 자금을 활용하여 연간 122억 원 규모의 무이자 대출 지원 제도를 함께 운영하여 협력사의 재정 부담 완화를 돕고 있습니다 . "
"현대홈쇼핑은 협력사와의 상생경영 시스템을 바탕으로 지속 성장 체계를 구축하고 소비자의 권익을 증진하고자 합니다. 협력사에 자금, 상품개발, 판로 등의 물적 지원과 더불어 각종 간담회와 설문조사 등을 통해 협력사와 긴밀하게 소통하며 상생 협력을 위한 노력을 지속하고 있습니다. "
현대홈쇼핑은 중소기업을 지원하기 위한 신규 지원 정책 수립 시 협력사를 대상으로 설문조사를 실시하고 있습니다. 협력사의 애로사항 및 요청사항을 청취하고 이를 신규 사업에 반영하여 보다 실질적인 지원을 제공하고자  노력하고 있습니다. 
현대홈쇼핑은 코로나19 장기화 등으로 어려움을 겪고 있는 국내 중소협력사에 보다 실효성 있는 복리후생을 지원하고자 다양한 제도를 운영하고 있습니다. 또한 협력사의 경쟁력 강화를 위해 품질연구소 주관 협력사 관리 역량 향상 교육을 진행하고 있습니다. 
"거래 관계에 있는 중소협력사 임직원의 생활 안정을 위해 정기적으로 자녀 장학금을 지원하고 있습니다. 협력사 임직원의 유치원, 초·중·고등학생, 대학생 자녀 1인당 1백만 원(협력사별 최대 5백만 원)의 교육비를 지원합니다. "
협력사 임직원 복지 향상 및 농촌지역 활성화를 위해 연간 80개 사(협력사 별 1백만 원)에 농촌사랑 상품권을 지급하고 있습니다. 
"‘히든챔피언 스케일업’은 상품 경쟁력은 뛰어나지만 재정적 어려움을 겪고 있는 신규 입점 중소기업에 대한 체계적인 지원을 통해 우수 협력사를 육성하는 패키지형 종합 지원 프로그램입니다. 사업 대상으로 선정된 협력사를 대상으로 홈쇼핑 진출과 상품 경쟁력 강화를 위한 R&D 비용, 방송 판매에 활용되는 인서트 영상 제작 비용, 판촉 비용 및 방송 비용을 종합적으로 지원하고 있습니다. 2021년에는 총 15개의 협력사를 지원하였으며, 2022년에는 총 30개 사로 지원 규모를 확대할 예정입니다. "
"현대홈쇼핑은 유망 중소기업 상품을 발굴하기 위해 중소벤처기업부와 MOU를 체결하고 무료 방송 및 방송 수수료 지원을 확대 운영하고 있습니다. 지역별 유망 중소기업 상품, 중소기업유통센터와 연계하여 발굴된 중소기업의 상품 등을 홈쇼핑에서 판매하도록 지원하고 있으며, 중소기업의 재고 부담을 덜어주기 위해 상생 온에어 지원 프로그램을 운영합니다. 또한 ‘히든챔피언 스케일업’에 선정된 기업을 대상으로 방송 수수료를 지원하여 중소협력사의 국내 판로를 지원하고 있습니다. "
"현대홈쇼핑은 방송거래 중소협력사의 제품 디자인 개선 리뉴얼과 론칭 예상 상품의 포장용기 디자인 개발을 통해 상품 경쟁력을 강화하기 위한 컨설팅을 지원하고 있습니다. 또한 시제품 제작을 위한 금형, 임상 및 품질 시험에 이르기까지 상품 개발에 필요한 비용을 지원하고 있습니다. "
"현대홈쇼핑은 해외 진출에 대한 의지가 있으나 자금 및 해외 방송 노하우가 없어 어려움을 겪는 중소 협력사 에게 해외 판로 개척을 지원하고 있습니다. 중소협력사가 해외 진출을 통해 수익을 창출하고 지속 성장할 수 있도록 현대홈쇼핑의 해외법인과 네트워크를 활용하여 해외 온라인/방송 판매를 지원하며, 당사 브랜드사업 CIC와 협업하여 인기 상품군 분석을 바탕으로 해외 수출에 적합한 상품 컨설팅을 제공합니다. 또한 마케팅 등 해외 방송 판매에 필요한 실질적인 비용 지원 및 현지 벤더와의 네트워킹 지원, 수출입 통관 노하우 공유, 현지 마케팅 정보 제공 등 협력사의 성공적인 해외 진출을 위한 다방면의 지원을 아끼지 않고 있습니다. "
"산업 특화 동반성장 모델: 인서트 영상 제작 지원 홈쇼핑 방송판매에 필수적인 인서트 영상 제작비용을 지원하여 중소 협력사의 방송 진입 부담을 경감시키고 실효성 있는 중소기업 판로를 지원하고자 합니다. 현대홈쇼핑의 비용 지원으로 인서트 영상 제작이 완료되면, 방송판매 연계를 통해 중소기업 상품의 소구력 강화와 매출 증대 효과를 기대할 수 있습니다. "
"현대홈쇼핑은 고객 개인정보보호를 강화하기 위해 동업계 공동점검 사업 참여를 통한 협력사 현장점검과 당사 개인정보보호위원회의 점검 항목을 기반으로 서면 자율점검을 실시하고 있습니다. 2021년에는 현장점검에 600개 협력사가 참여하였으며, 온라인 교육 강좌를 통해 5,525개의 협력사가 자율점검에 참여했습니다. 또한 협력사 대상 정보보안 유의사항에 대한 교육을 온라인으로 상시 운영하여 2021년 1,333명이 수강을 완료하였으며, 코로나19 상황에 따라 신규 협력사와 정보보호 위반 협력사를 대상으로 한 오프라인 교육도 재개하여 실시할 예정입니다. "
현대홈쇼핑은 협력사의 ESG 리스크를 최소화하면서 지속가능한 동반성장을 이룰 수 있도록 2022년 연내 협력사 대상 친환경 정책 및 목표 수립을 계획하고 있습니다. 기존에 진행 중인 품질 관리 및 공장 감사 활동을 기반으로 보다 체계적인 협력사 친환경시스템을 구축하여 향후 제품 환경성 및 안정성을 더욱 엄격히 관리해 나가고자 합니다. 
"현대홈쇼핑은 방송 판매 전 내부 QA 및 심의절차를 통해 상품 품질 및 판매 목적의 표현들에 대한 검증을 완료한 후 상품을 판매하고 있습니다. 품질관리 역량과 전문성을 강화하고자 당사 품질연구소 및 전문 교육 업체를 통해 정기적으로 협력사에 QA 교육을 진행하며, 품질관리를 위한 컨설팅, 위탁 점검 등의 다양한 지원활동을 운영하고 있습니다. 협력사 대상 심의 교육 콘텐츠는 협력사 시스템 내 게시하여 상시 시청할 수 있도록 지원하고 있습니다. "
"현대홈쇼핑은 공정하고 투명한 거래질서 확립을 위해 대외협력담당 상무를 공정 거래 자율준수 관리자로 임명했습니다. 공정거래 자율준수 관리자는 임직원의 공정거래 인식 제고, 공정거래 관련 제도 개선, 임직원의 공정거래 관련 법 위반 사항 상시 점검 등의 역할을 수행하고 있습니다. 아울러 자율준수 관리자의 책임하에 실제 업무수행에서 발생 가능한 법 위반 사항 가이드인 공정거래 자율준수 편람을 작성하고, 전 임직원에게 이를 업무지침서로서 활용하도록 배포 및 공개하고 있습니다. 또 인트라넷(H-ART) 내의 공정거래 자율준수 게시판을 통해 공정거래 관련 정책 및 이슈 등을 임직원에게 상시 공유/안내하여 준법 의식을 강화하고 있습니다. "
(<https://image.hmall.com/company/files/company/hyundaihomeshopping_faretrade.pdf>)공정거래 내부규정 
(<https://image.hmall.com/company/files/business/Hyundai_Homeshoping_fair_trade.pdf>)공정거래 자율준수편람 
"현대홈쇼핑은 모든 협력사를 존중하며 상호협력을 통한 공동발전을 추구합니다. 또한 당사와 협력사는 상호 신뢰·소통·이해를 바탕으로 한 상생 파트너로서 공정거래를 기업경영의 중요한 요소로 인지하고 투명한 거래 질서를 확립하고자 노력하고 있습니다. 당사는 협력사 선정 시 공개 입찰을 통해 입점에 대한 공정한 기회를 부여하며, 협력사와의 신규거래 및 재계약 시 공정거래 내부규정에 명시된 기준과 절차를 준수하고 있습니다. "
"공정한 거래질서 확립을 위해 2021년 9월 『공정거래 자율준수 편람』내 최신 법 위반 사례 등을 반영하였고(4차 개정), 2022년 5월에는 『공정거래 내부규정』내 경영정보 제공 요구행위 등의 기준을 신설하였습니다(3차 개정). "
직매입 상품의 부당반품 행위를 사전 예방하여 협력사와의 공정거래를 강화하고자 반품 계약 시 공정거래 부서의 승인 절차를 추가하였습니다. 
"현대홈쇼핑 임직원, 고객, 주주 등 이해관계자 누구든 각종 부당행위 및 위법사항을 발견할 경우 불공정거래 신고센터 또는 CEO 핫라인을 통해 이를 신고할 수 있습니다. 자율준수 담당자는 접수되는 모든 사항에 대해 철저한 비밀 유지를 보장하고 있으며, 내부 절차에 따라 관련 임직원 징계, 협력사 피해보상 등의 조치를 통해 최대한 공정하고 신속하게 위반 사항을 해결하고 있습니다. "
