﻿text
"이사회는 최고의사결정기구로 회사 경영 기본방침 및 중요사항을 의결하 고 있으며 사내이사 4명, 사외이사 5명 총 9명의 이사로 구성되어 있습니다. 2022년에는 여성 사외이사 1명이 선임되었습니다. 3인 이상의 이사와 이사 총수의 과반을 사외이사로 하는 상법상 법률을 충족하고 있습니다. 이사회는 정관 제31조에 의거, 이사회 의장이 소집하며 분기별 1회 개최를 원 "
"칙으로 합니다. 필요시 임시이사회1)를 개최하여 운영하고, 이사회 결의는 정 함이 있는 경우를 제외, 정관 제32조 및 이사회 규정 제7조에 따라 이사의 과반수 출석과 출석이사 과반수로 결의합니다. 특별한 이해관계가 있는 이사 는 의결권 행사를 제한하여 이해상충 가능성을 제도적으로 차단하고 있습니 다. 2021년에는 정기이사회 9회와 임시이사회 2회를 개최하여 총 37건의 결 의 및 보고 안건을 의결했습니다. "
"사내이사는 상법 제382조에 따라 주주총회에서 선임하며, 사내이사는 이사 회에서 경험과 능력, 청렴성 등을 평가해 후보를 추천하고 이사회 의결을 거 쳐 최종 선임하고 있습니다. 사외이사는 사외이사추천후보위원회에서 받은 후보 중 금융, 법률, 회계 등 관련분야 전문지식과 실무경험이 풍부한 자로 추천하여 이사회 결의를 거쳐 선임됩니다. 이사의 임기는 2년으로 성과에 따 라 재선임 여부를 결정하고 있으며, 재선임시 임기를 2년으로 하고 있습니다. "
"이사 선임 시 금융, 법률, 회계 등 관련분야 전문지식과 실무경험이 풍부한 자 로 선임하고 있으며, 이사회 내 위원회를 설치하여 이사회 전문성을 도모하 고 있습니다. 이사회 내 위원회는 각 설치 목적에 부합하는 경력과 지식을 갖 춘 전문가들로 구성하여 의사결정의 전문성을 높이고 있습니다. 아울러 사외 이사 비중을 과반 이상으로 구성하고 사외이사 전문성 강화를 위해 연 1회 이상 외부 전문가 교육을 지원하고 있으며, 당사 내 지원 조직(경영지원팀 등) 이 전문적 업무 수행을 보조하고 있습니다. "
"경영진과 지배주주로부터 독립적 이사회 기능을 수행할 수 있도록, 정관 제 26조에 의거하여 이사회 과반 이상을 사외이사로 구성하고 있습니다. 특히 이사회 소위원회의 감사위원회와 투명경영위원회, 보상위원회 구성원 전원을 사외이사로 선임하였으며, 중대한 이해관계가 없는 사외이사를 선임하여 투 명성과 독립성을 확보하고 있습니다. 아울러 정기보고서, 수시공시 등 공시의 무 성실 이행으로 기업정보를 투명하게 알리고, 중요한 기업정보의 공개범위 나 시기에 특정인을 우대하거나 차별하지 않습니다. "
"감사위원회는 지배주주로부터 독립적으로 감사 업무를 수행할 수 있도록 전 원을 사외이사로 구성하고 있습니다. 감사기구의 전문성을 확보하기 위해 위 원 중 1명 이상은 회계 또는 재무전문가로 선임해 전문성을 확보하고 있습니 다. 아울러 감사기구 전문성 강화를 위해 내부회계관리제도 교육을 실시하 고, 내부 회계팀 등의 지원 조직이 업무 수행을 지원합니다. "
독립된 외부감사인이 정기 감사를 실시하여 회계 정보의 공정성과 투명성을 확보하고 있습니다. 2021년 12월 증권선물위원회로부터 주기적 외부감사인 지정제도에 따라 외부감사인을 삼정회계법인에서 안진회계법인으로 변경하였 습니다. 2021년 삼정회계법인으로부터 받은 회계 감사 의견은 ‘적정’ 입니다. 
"사외이사의 경우 이사회 기여도, 영향력, 전문성, 적극성을 객관적으로 평 가하고 있으며, 법령과 내규에서 요구하는 역할과 책임 수행 여부를 정기 검토하여 경영진 견제 역할을 제대로 수행할 수 있도록 지원하고 있습니 다. 보상위원회에서 임원 성과보상을 산정하고 지급 기준을 제·개정하고 있 으며, 보수는 주주총회의 승인을 받은 금액 내에서 임원보수규정 등에 따라 해당 직위, 경영성과 등을 감안하여 지급하고 있습니다. 등기이사의 보수는 임원보수 지급 규정에 따라 기본 연봉과 변동급으로 구성되며, 변동급은 계량지표와 비계량지표를 종합적으로 평가하여 지급합니다. "
"* 사내이사 수, 전문성을 갖춘 사내이사 수 항목의 ’20년 수치는 ’20년 말 기준으로, "
"온실가스 배출 감축을 위하여 전사적으로 에너지 절감 캠페인을 시행하고 있습니다. 에너지 사용량 측정 장치 설치, 전기 과설비 예방과 같은 조치 들도 단계적으로 시행해 나갈 예정입니다. 또한 매장에는 신재생에너지 발 전을 이용한 에너지 전력구입계약(PPA)3) 방식을 사용하거나 물류센터 옥 상에 발전기 설치와 같은 계획을 검토 중입니다. 2022년부터는 환경부 산 하 한국환경산업기술원에서 운영하는 환경정보시스템 홈페이지에 공시하 여 환경 정보에 대한 투명성을 강화할 예정입니다. 이처럼 이해관계자와 투 명한 소통을 통해 친환경 가전제품 유통 기업으로 거듭나고자 합니다. "
3) Power Purchase Agreement. 신재생에너지 발전사업자와 한국전력공사 간 전력거래계약을 체결하고 계약 상 전력을 거래하는 제도 
* 전기 사용량을 온실가스 배출량으로 환산 에너지법 시행규칙[별표] 에너지열량 환산기준(kWh→ 9.6MJ) 
"Scope 1은 상대적으로 배출량이 적게 발생하고 있으며, 추후 데이터 산정하여 보고 예정임 "
"에너지 효율 개선을 위해 매장 및 물류센터의 조명시설을 고효율 LED 조명으 로 교체하고 있습니다. 2016년부터 시행된 조명 교체 사업은 매년 사업성 분 석과 대상 점포 선정을 통해 진행되며, 신축/리뉴얼 매장의 경우 LED 조명 설 치를 표준화하여 사업장 조명 효율화 달성을 목표로 사업을 지속했습니다. 아울러 한국전력공사 효율향상 사업1) 지원 대상에서 획득한 지원금으로 조 명을 추가 구매하여 교체한 결과, 2021년 말 기준 전국 318점에 기존 형광등 조명을 소비전력이 적은 LED 조명으로 24.6만개 교체 설치하여 에너지 절감 효과를 얻을 수 있었습니다. 또한, 2021년 10월부터 시행한 ESCO2) 사업을 통 해 2022년 상반기까지 롯데마트 내 하이마트 총 64개 점포 6,517개의 구형 LED를 고효율 LED로 교체하여 조명 전력을 연 1,593 kWh에서 1,032kWh로 35%가량 절감할 예정입니다. "
1) 일반 조명기기를 고효율 또는 1등급 LED로 교체하는 개인 및 기업에게 지원금을 지급하는 사업 
"2) Energy Service Company, 에너지 전문기업이 에너지 시설에 선 투자 후, 발생하는 에너지 절감액으로 투자비를 회수하는 사업 "
"냉난방기는 조명시설과 함께 전력소비에 영향을 미치는 요소 중 하나입니다. 롯데하이마트는 2021년 전국 총 48개 매장 및 물류센터의 노후 전기식 냉난 방기 교체대상 71대를 고효율 인버터 냉난방기로 교체하였습니다. 또한 매 년 에너지 절감을 위하여 냉난방 사용 효율화 활동을 진행하고 있습니다. 계절 별 전력 사용량이 가장 많은 여름과 겨울에는 실내 적정온도를 유지하기 위한 전사적 캠페인을 진행하여 피크 시간대 전력사용 및 전력비용을 절감하고, 전 력 과부하를 방지하였습니다. "
* 산출기준: 연도별 전기요금 지출 총합/한국전력공사 기본공급약관 내 `월간 전기요금표' 中 고압 전력 A 값의 평균(92.1원) 
"* 본사, 지사, 물류센터 및 일부 매장 포함('19년 363점, '20년 369점, '21년 368점) "
"* 본사, 지사, 물류센터 및 일부 매장 포함('19년 340점, '20년 343점, '21년 342점) "
"가전제품 보호를 위해 사용하는 박스 및 스티로폼의 배송 폐기물을 효과적 으로 수거, 재활용하는 자원 선순환 체계를 구축하고 있습니다. 롯데하이마 트의 자원 선순환 체계는 전국 매장 및 물류센터 네트워크와 파트너사와의 긴밀한 협업을 통해 이루어집니다. 매장 내 파지 수거함 또는 배송 과정에서 수거하는 모든 폐기물은 지역 단위 물류 센터를 거쳐 폐기물 재활용 파트너 사에 전달되며, 이후 재활용지 또는 건설용 스티로폼 자재로 재활용하고 있 습니다. "
"롯데하이마트는 제품 배송 단계에서 발생하는 폐기물을 배송과 동시에 수거 하고 있습니다. 특히 대형 가전제품의 경우, 포장재의 부피와 무게가 커서 고 객이 직접 배출하기 어렵습니다. 이에 CS마스터를 통해 배송/설치가 이루어 지는 가전제품의 포장 폐기물을 모두 수거하고, 수거한 포장재, 배송 폐기물 은 전국 유통망을 통해 폐기물 재활용 파트너사에 전달, 재활용 및 친환경 처 리에 노력하고 있습니다. "
"가전 케어십 서비스1) 확대로 제품 수명을 연장, 폐기물 발생을 줄이는 데 기 여하고 있습니다. 고객은 가전 케어십 서비스를 통해 세탁기, 공기청정기 등 사후 관리가 까다로운 가전제품의 내외부 세척을 제공받을 수 있습니다. 서 비스 시행에 따른 제품 수명 연장 효과는 가전제품의 폐기율을 낮추게 되는 선순환을 이루게 됩니다. 롯데하이마트는 고객 서비스 혁신을 통해 고객과 함께하는 친환경 가치 창출에 앞장서고 있습니다. "
"1) 고객이 새로 구매하는 가전제품에 대한 가전클리닝, A/S 기간을 연장해주는 롯데하이마트의 제품 관리 서비스 상품 "
롯데하이마트는 고객이 처리하기 어려운 대형 폐가전을 신제품 설치/배송 시 함께 무상으로 수거하는 서비스를 제공하고 있습니다. 가정을 방문한 CS마스 터가 수거한 폐가전은 친환경 절차에 따라 분해 및 처분됩니다. 또한 중소형 가전의 배출을 돕고자 2019년 12월 전국 지점을 한국자원순환정보센터 사이 트 ‘소형 폐가전 수거처’에 등록하였습니다. 이외에도 전국 257점에 민팃(인 공지능 기반 중고폰 매입 ATM 기기)을 설치하여 폐 휴대폰이 버려지지 않도 록 기여하고 있습니다. 
"포장재를 절약하고 친환경 포장재 사용을 확대함으로써 폐기물 배출을 줄여 가고 있습니다. 자체 브랜드(PB) 상품 ‘하이메이드’의 포장재를 기존 코팅 박 스에서 친환경 재질 박스로 교체하였으며, 2021년 12월 기준 총 107개 품목 에 대해 친환경 포장재를 사용, 향후 3년 이내 전 PB모델 적용을 검토하고 있 습니다. 또한 온라인 전용 택배 발송 상품에 종이테이프 및 완충재 사용을 확 대하고, 매장 고객용 쇼핑백을 친환경 재질로 교체하였습니다. "
"2021년 6월 18일, 롯데하이마트는 한국환경공단, 한국전자제품자원순환공 제조합과 함께 폐가전 수거 및 재활용 활성화를 위한 MOU를 체결했습니다. 협약을 바탕으로 폐전기·전자제품 회수체계를 구축함으로써 자원 선순환 구조 형성에 기여하게 되었습니다. 2022년 8월부터 소형폐가전 회수 활성 화를 위해 롯데하이마트 전체 매장에서 프로모션, 경품과 같은 캠페인을 진 행할 계획입니다. 또한 기존 50개의 회수 대상 품목을 모든 폐전자제품으로 확대하여 더욱 확장된 회수 체계를 갖출 예정입니다. "
"롯데하이마트는 대형 폐가전은 물론 중소형 폐가전의 수거를 강화하기 위해 2019년 12월 한국자원순환정보센터 사이트 ‘소형 폐가전 수거처’에 전 지점 을 등록하고 매장에 수거함을 운영했습니다. 이와 더불어 2021년 7월부터 2 개월 동안 대국민 수거 캠페인을 진행하여, 매장 이용객은 물론 다른 고객들 도 중소형 폐가전을 배출할 수 있도록 적극적인 홍보에 나섰습니다. 캠페인 참여율을 높이기 위해 참여 고객을 대상으로 포인트 적립 및 추첨을 통한 경 품, 에코백 증정 등 다양한 혜택을 마련했으며, 캠페인의 원활한 진행을 위해 지점 전 직원 대상 사내 교육 및 대내외 홍보에 주력하였습니다. 그 결과, 전 년도 대비 회수량은 5,261대, 일평균 회수량은 85대 증가하는 효과를 거두었 "
"습니다. 아울러 행사 진행 전 과정에서 폐기물 발생을 줄이기 위한 노력 또한 아끼지 않았습니다. 매장 폐가전 수거함으로는 플라스틱이 아닌 목재를 사용 하고, 고객 증정용 에코백은 행사에 쓰인 현수막을 활용했습니다. 특히 폐현 수막 에코백 제작은 업사이클링 기업 ‘터치포굿’과의 제휴를 통해 진행하였으 며, 멸종위기종 보호 메시지를 담아 더욱 뜻깊은 활동이 되었습니다. 앞으로 도 롯데하이마트는 폐가전 회수를 통한 자원 선순환 체계 구축에 동참하는 것은 물론, 정부기관, 파트너사, 고객과 임직원 모두가 참여할 수 있는 다양한 친환경 캠페인을 전개해 나가겠습니다. "
* (보고 연도에 조직을 떠난 임직원 수/보고 연도 말 전체 임직원 수/12(月))×100 
"** (권고사직, 계약만료, 본인사망, 해고, 정년퇴임 등에 따라 보고 연도에 조직을 떠난 임직원 수/ 보고 연도말 전체 임직원 수)×100 "
"* 해당 연도 보임 기준(1월 퇴사자 제외), 임원직 여성이 없었던 '19, ’21년 데이터 없음 "
*** 산출기준: (보고 연도 복귀 후 12개월 근속한 임직원 수/직전년도 업무 복귀한 임직원 수)×100 
"롯데하이마트는 임직원, 고객 및 모든 이해관계인의 안전보건을 최우선의 가 치로 삼고, 재해 건수 제로화를 목표로 합니다. 산업안전보건법에 따라 산업 안전보건위원회를 운영하고 있으며, 분기별 회의에서 사업장 안전보건을 위 한 각종 활동 심의 및 현황을 공유합니다. 또한 대한산업보건협회 위탁으로 안 전/보건 관리 전문가를 관리자로 임명, 전사적 산업재해예방을 위한 활동을 총괄하고 이를 지속적으로 관리하고 있습니다. 그 결과, 효과적인 안전보건 체 계를 확립할 수 있었습니다. "
"산업안전보건위원회 위원은 산업안전보건법에 따라 4명의 사용자위원, 4명 의 근로자위원 총 8명으로 구성되어 있습니다. 위원회는 분기 1회 산업재해 ‘ZERO’를 목표로, 각종 산업재해 예방 정책 및 교육방안 등을 심의하고 결정 합니다. "
"근로자에 대한 산업안전보건 교육은 산업안전보건법 제 29조에 따라 전 임직 원 대상, 분기별 1회의 (3시간 이상) 산업안전보건 교육을 실시합니다. 지점 장의 경우, 연 1회(연간 16h 이상) 별도 관리감독자 교육을 수료하고 있습니 다. 2021년에는 산업안전보건교육 내용을 개선하고 응답형 교육(퀴즈) 비중 을 높여 교육 효과를 증대하였습니다. "
안전·보건 관리자의 순회 점검을 통해 전 영업현장의 안전사고 및 자연재해 피해를 예방하고 있습니다. 
"직매입을 통한 유통판매업의 특성상 매장과 물류센터에는 상품 적재, 이동 등으로 안전사고가 발생할 가능성이 있습니다. 또한 다수의 불특정인이 방문 하는 영업장의 파지장과 같이 화재 발생 가능성이 있는 취약지점은 특별 관 리가 필요합니다. 이에 매장 및 물류센터의 소방/전기시설 작동 점검 및 파지 장 화재 예방 점검을 실시, 안전사고에 선제적으로 대응하고 있습니다. "
"신축/리뉴얼 또는 지점 유지보수 등 공사/작업 현장 근로자의 안전을 보장하 기 위해 수시 점검을 진행합니다. 안전관리팀은 주 1회 이상, 지사는 주 1~2 회, 그리고 지점은 일 3회 합동 점검을 시행하고 있습니다. 특히 공사장 3대 기본기(보호구 착용, 금연, 추락방지)를 서약서에 명시하여, 이를 이행하지 않 을 시 엄중히 제재하고 있습니다. "
기존에는 본사에서만 전국 사업장(매장/물류센터)을 순회 점검하여 안전 사 각지대가 발생할 수 있었습니다. 더욱 촘촘한 안전관리를 위하여 전국을 6개 권역으로 나누고 각 권역에 1명씩 안전 담당자를 배치하였습니다. 권역별 안 전 담당자는 현장 안전 점검 위주의 업무를 수행하며 안전사고 예방에 힘 쏟 고 있습니다. 이를 통해 사업장 시설물 방문 점검 횟수가 기존 월 40점에서 150점으로 대폭 상승하였습니다. 
"매월 둘째 주 수요일을 안전점검의 날로 지정하여 사업장 자체적으로 안전점 검을 실시하고 위험요인을 조기에 발굴, 개선하고 있습니다. 본사에서 전사적 으로 가장 위험요인이 높은 TOP RISK를 선정하여 매월 1개씩 집중적으로 제 거하고 있습니다. 또한 지점과 안전관리팀이 합동으로 소방훈련을 진행하고 있습니다. "
"롯데하이마트는 사업장 특성을 고려하여 자체 정립한 안전/위기관리 매뉴얼 을 운영하고 있습니다. 매뉴얼은 비상시 보고체계 및 대응절차, 사전 안전점 검 사항, 화재 및 재난 발생 시 행동요령 등을 포함합니다. 특히 2021년 코로 나19 확산을 막기 위해 사업장 감염병 예방 매뉴얼을 추가하는 등 임직원 안 전관리에 적극 대응하고 있습니다. "
중대재해처벌법이 2022년 1월 27일부터 시행되었습니다. 이에 대한 대응책 으로서 롯데하이마트에서는 발생할 수 있는 중대재해사고 (중대산업재해1)와 중대시민재해2))를 예방하고자 안전보건관리체계 규정화를 통해 주기적으로 안전보건을 점검 및 보고하는 시스템을 운영하고 있습니다. 2021년에는 사업 장 내의 위험성 평가를 실시하고 안전 기획 및 점검 전담 조직을 신설하는 등 중대재해처벌법 대응 활동을 진행하였습니다. 
"2) 이용자와 일반시민이 보호대상으로 롯데하이마트에서 판매하는 제품, 서비스 등을 이용하는 이용자에게 발생가능한 재해 "
"사업장의 안전보건을 위해 안전관리 사내 자격제도를 운영하고 있습니다. 세 이프 마스터는 업계 최초 한국산업인력공단 인증을 획득한 자격 제도로 소 방, 전기 등 시설물 관리와 안전교육, 화재대응 전문인력을 육성하기 위해 시 행합니다. 특히, 2021년은 코로나19 상황으로 인해 비대면 평가를 실시하였 습니다. 비대면의 한계를 극복하기 위해 응시자가 근무하는 지점의 위험요인 을 발굴하고 개선방안을 도출하는 개별 맞춤 평가를 실시했습니다. 세이프 마스터 자격증은 취득 3년 후 재시험을 통해 갱신해야 하며, 2021년 12월 기 준 총 1,241명의 세이프 마스터가 활동 중입니다. 롯데하이마트는 세이프 마 "
"롯데하이마트는 2019년 7월 경기도 이천 물류센터에 유통업계 최대 규모 VR 안 전체험교육장을 신설하였습니다. 2020년 11월에는 시설, 인력, 장비의 세 가지 심 사기준을 모두 충족하여 산업안전보건공단으로부터 ‘안전체험교육장’으로 공식 인정받았습니다. VR 교육장은 지게차 작업, 고소 작업, 도로 운전 등 사고 위험이 높은 총 5가지의 물류 업무 상황에 가상으로 노출, 안전의식을 생활화할 수 있습 니다. 롯데하이마트 CS 마스터는 교육을 통해 안전수칙을 내재화하여 고품질 배 송 서비스를 제공하게 됩니다. 롯데하이마트는 교육 이수 희망 직원 및 여러 파트 너사에도 교육 기회를 제공하는 등 사·내외 안전의식 확립에 노력을 기울이고 있 습니다. "
"고객에게 양질의 PB제품을 제공하기 위해 상품 기획부터 론칭 및 운영까지 전 과정에서 품질 관리 6단계 프로세스를 도입했습니다. 개발 단계에서는 자 체 품질 실험실에서 진행하는 샘플 테스트를 통해 기준을 충족하는 상품을 선정합니다. 이후 제품 론칭 이전까지 KC, 전자파, 에너지 효율 등 국내 인증 을 취득하고 성능 검토를 반복하며 제품 신뢰성을 확보합니다. 제품 론칭 후 에는 매월 불량률을 점검하고 불량사항에 대해서는 제조업체 개선을 요청하 며, 이 외에도 연 1회 KC 인증부품 동일성 및 에너지 효율 적합 여부를 확인 하는 등 사후관리에도 최선을 다합니다. "
"해외 소싱 제품의 품질안전 관리를 위해 외국 품질관리기관에 의뢰, 품질 테 스트를 진행하고 있습니다. 무작위로 선정한 샘플 제품으로 제품 성능 및 외 관 등의 결함 확인 후 테스트하여 검수 성적서를 관리합니다. 아울러 자체 브 랜드 PB제품에 대해 엄격한 품질관리를 실시하고 있습니다. 마감 불량, 얼룩, 스크래치와 같은 외관 불량사항과 제품 작동 시 화상 위험, 기능 불량 등을 확인하고 개선하여 품질안전을 확보하고 있습니다. "
"PB 제품의 품질 관리를 강화하기 위해서는 다양한 품질 테스트를 실시할 수 있는 넓은 장소가 필요합니다. 이에 2021년 창동 사옥 품질 실험실을 확장 이 전하여 기존의 4.5평(14.8㎡)보다 넓은 8.7평(28.7㎡)의 공간에서 품질 테스 트를 실시하게 되었으며, 기존의 소비전력 및 전류 측정뿐만 아니라 감전 및 화재 위험 점검, 제품 구조 및 내부 부품 점검도 실행할 수 있습니다. 총 9개 의 자체 품질 테스트 장비를 구비하여 외부 업체 의뢰 비용을 절감하였고, 이와 함께 품질검사 강화 및 품질 점검항목을 확대하였습니다. 또한 자체테 스트 장비 구비로 인해 외부업체에게 테스트를 의뢰한 경우에 대비해 비용도 절감할 수 있습니다. "
"정보 보안활동 전반에 대한 효과적인 관리·감독을 위하여 정보보호협의체를 구성, 운영하고 있습니다. 협의체는 정보보호 관련 업무에 대한 의사결정, 업 무협의 등의 활동을 통하여 전사적 보안체계를 확립하고 있으며, 임원진으로 구성된 정보보호위원회는 정보보호 현황 및 중요 정책 결정 등을 진행하고 있습니다. 정보보호실무위원회는 팀장 및 매니저급 간부들로 구성된 실무조 직으로 각 부서별 공동 대응, 사고 사례 및 동향을 공유합니다. 아울러 개인정보보호 사고예방을 위해 CRM1)팀과 정보보호팀을 함께 운영하 며 사내 보안 수준을 지속적으로 강화해 나가고 있습니다. "
"롯데하이마트는 정보보안 관련 사고 ‘0’건을 목표로 하며, ISMS2)에 부합한 정 보보호 규정 및 지침을 수립하여 이를 준수하고 있습니다. 또한 최신 그룹 규 정, 개인정보보호법 및 시행령 등 개정사항을 규정에 반영하여 개선합니다. 특히 매년 갱신이 필요한 ISMS 인증제도의 진단 사항을 반영하고, 최근에는 그룹 규정 체계와의 일관성 확보를 위한 규정 1종, 지침 4종(관리적, 물리적, 기술적, 개인정보) 체계로 전면 개편하였습니다. 모든 임직원들에게는 매년 개정되는 개인정보보호와 관련된 내부정책을 공유하여 정보보호에 대한 인 식을 강화하고 있습니다. "
"2) Information Security Management System, 기업 정보 보호 관리체계의 기준 적합성을 심사하여 인증하는 제도 (연 1회 심사) "
"롯데하이마트는 보안 사고의 선제적 예방을 위하여 통합계정관리 솔루션을 구축하였습니다. 통합계정관리 솔루션은 직원 인사 발령 시 정책에 따라 업 무, 보안 시스템 상의 적합한 권한을 부여하고 회수하는 업무를 자동화한 것 입니다. 이를 통해 기존 수동/자동 시스템을 병용하고, 계정을 수기로 관리했 던 것에 비해 누락, 지연, 관리 누수 등의 오류를 최소화할 수 있었습니다. 이 외에도 서버 접근 및 운영 통제를 강화하고, 법률 개정에 따른 시스템 개선 조치를 완료하여 사내 보안 수준을 향상하였습니다. "
"2015년 정보통신망법 제47조에 따라 ISMS 인증 획득 이후, 이에 부합하는 정 보자산 관리체계를 유지하고 관련 개선활동을 지속하고 있습니다. ISMS 기반 으로 사내 보안을 강화하고, 관리적·물리적·기술적·인적 보안 운영을 통해 고 객 개인정보보호는 물론 정보보안 의식을 제고했습니다. "
"롯데하이마트는 개인정보보호 사고 예방을 위해 그룹 정보보호위원회 주관 정기점검과 내부 자체 현장 점검을 실시하고 파트너사 정보보호 점검을 진행 하는 등 전 사업장에서 정보보안을 강화하고 있습니다. 2021년에는 영업 현 장의 개인정보보호 강화를 위해 전국 단위 지점의 개인정보 점검을 최초 진 행하였습니다. (59개 지점 표본 조사) 2022년에는 전국 420여개 지점 전수 조사를 위해 지사 자체점검을 분기 1회 마다 진행하고 있으며, 본사에서 전 국 80개 지점을 점검 할 예정입니다. "
"정보보호의 날 행사는 매월 첫째 주 월요일, 임직원이 다양한 보안 업무를 수 행하도록 하고 있습니다. 임직원들은 고객 정보 문서 파기, 법정 필수교육(개 인정보보호) 수강, 정보보호 인식 설문조사 참여 등 전사적 정보보호 역량을 고취할 수 있는 다양한 활동에 참여합니다. "
"전 임직원을 대상으로 비정기적으로 온·오프라인 정보보호 수시 교육을 실 시하여 전사적 보안 의식 수준을 제고합니다. 특히 신입사원은 물론 인턴사 원과 CS마스터까지 담당업무 수행 시 보안 유의사항을 내재화하고 있습니다. 또한 터치클래스1) , 원격교육 사이트를 이용하여 교육 접근성을 개선하고 있 습니다. "
"선제적인 정보보안 사고 예방을 목적으로 분기 1회 전 임직원 대상의 정보보 호 훈련을 진행하고 있습니다. 모의 바이러스 메일을 임직원에게 발송하고 악 성링크 및 첨부파일 실행 및 이를 통한 감염 여부 추적으로 임직원 보안의식 수준을 평가합니다. 또한 각 지점 대상 월 2회, 본·지사 대상 분기 1회의 현장 점검을 실시하고 있으며, 그룹 차원의 보안 수준 진단, 내부회계관리 감사를 통한 보안성 점검 등 정기 진단을 활용하여 우수한 정보보호 수준을 유지하 고 있습니다. "
"롯데하이마트는 가전제품 제조사 및 물류 파트너사 등 사업에 필수적인 재화 와 서비스를 제공하는 1,513개1) 파트너사와 긴밀한 상생협력관계를 맺고 있 습니다. 롯데하이마트 파트너사 직원들은 매장 및 물류센터에서 재고 관리, 고객/배송, A/S 담당, 판매 등 다양한 업무를 수행하고 있습니다. "
"롯데하이마트는 4C 추진체계를 통해 파트너사와 동반자적 관계를 형성하고, 경쟁력 강화를 지원하고 있습니다. 이는 롯데하이마트의 전국 유통망을 통해 파트너사의 매출 성장을 가져오며, 파트너사의 우수한 제품 및 기술 혁신은 곧바로 롯데하이마트의 고객 창출로 이어집니다. 앞으로도 파트너사와의 긴 밀한 협력으로 파트너사 역량 강화와 성장은 물론, 건전한 협력사 네트워크를 통한 기업 경쟁력을 확보하고자 합니다. "
"당사와 거래 중인 중소 파트너사의 사업 효율성 강화를 위한 컨설팅 지원 프로 그램을 2021년부터 운영해오고 있습니다. 컨설팅은 파트너사 ESG 지원사업과 빅데이터 컨설팅 지원으로 구성되어 있으며, 파트너사 ESG 지원사업에서는 안 전·환경,  노동·인권, 공정거래 등에 대한 맞춤형 컨설팅과 비용을 제공하고 있 습니다. 아울러 코로나19 유형에 따른 소비 형태 및 소비자 기호 변화, 빅데이 터 기반의 서비스 확대의 필요성으로 인해 롯데하이마트는 무상으로 파트너사 들의 빅데이터 컨설팅도 진행하고 있습니다. 사업 대상으로 선정된 파트너사 들은 빅데이터를 바탕으로 새로운 마케팅 전략을 수립하고, 신규 및 잠재 고객 확보에 필요한 데이터 분석 역량에 대한 컨설팅을 제공받습니다. 2021년에는 총 33개의 파트너사가 해당 컨설팅 프로그램에 참여하여 지원을 받았습니다. "
"파트너사의 지속적인 성장과 혁신에는 임직원의 역량 강화가 필수적입니다. 롯데하이마트는 2016년부터 동반성장 아카데미를 운영하여 중소 파트너사가 활용할 수 있는 다양한 교육 프로그램을 제공하고 있습니다. 교육은 경영·어 학 등 200여 개 온라인 강좌와 외부기관과 연계한 오프라인 교육과정, 외부 전문 강사 초청 특강으로 구성되어 있습니다. 교육비 전액을 롯데하이마트에 서 지원하고 있습니다. "
"중소 파트너사의 재정 부담을 줄이고 원활한 자금 운용을 돕기 위해 상품 대 금 전액을 현금으로 지급하고 있습니다. 또한 공정거래협약을 체결한 중소 파 트너사의 대금지급 조건을 개선하고, 2021년 총 356개 파트너사를 대상으로 제도를 확대하였습니다. 이외에도 매년 설, 추석 명절을 앞두고 상품 대금을 "
선지급하는 등 파트너사가 상품 소싱과 품질 향상에 매진할 수 있도록 지원 을 아끼지 않고 있습니다. 
파트너사의 원활한 자금운용을 지원하기 위해 각종 금융 솔루션을 제공하고 있습니다. 롯데하이마트는 기업은행과의 공동으로 조성한 총 500억 규모의 동반성장 펀드를 통해 파트너사가 은행 대출 시 우대금리를 제공합니다. 중소 파트너사는 0.65%p 이상 우대금리를 통해 대출이자 감면 등의 혜택을 받고 있습니다. 이외에도 네트워크론을 통해 중소 파트너사가 쉽게 대출할 수 있도록 돕고 있습니다. 
"롯데하이마트는 다양한 기술력을 갖춘 자체 브랜드(PB) 상품 개발로 고객 만 족도를 높임과 동시에 중소 파트너사 판로 확대를 위해, PB상품 개발 중소 파 트너사를 공개 모집했습니다. 2021년 상반기에는 요장판류, 가습기, 히터류 등 겨울상품 개발에 참여할 파트너사를 공모하여, 동년 겨울 새로운 상품을 선보였습니다. 또한 최고의 품질과 기술력을 가진 상품 개발을 위해 차별화 된 기능과 디자인을 갖춘 아이디어 상품의 제안도 함께 받았습니다. 선발된 파트너사는 개발 일정, 사양 변경 등 논의 과정을 거쳐 제품을 출시하였습니 다. 아울러 모든 PB상품과 동일하게 환경 친화적 포장 디자인 GP인증1) 적용 을 검토함으로써 제품의 친환경성까지 고려하여 진행되었습니다. "
롯데하이마트는 2021년 11월부터 매월 중소 파트너사의 제품 품질 향상을 위한 컨설팅 지원 프로그램을 운영하고 있습니다. 동반성장 활동의 일환으로 파트너사의 제품 품질 개선사항 점 검과 당사의 품질관리 노하우를 전수하고 있습니다. 
"롯데하이마트는 2021년 8월 KOTRA (대한무역투자진흥공사) 와 상호협력 증진을 위한 업무협약을 체결하였습니다. 업무협약 을 통해 롯데하이마트는 KOTRA와 함께 해외전시회 한국관과 연계된 체험관을 확대 운영합니다. 중소기업과 스타트업을 포함 해 체험관에 참가하는 기업들에게는 롯데하이마트 입점기회 제 공, 국내 판로 개척 관련 노하우 공유 등 동반성장을 위한 각종 기회를 제공하여 적극적으로 협력할 계획입니다. "
"CES, MWC 등 세계 유명 박람회 출품된 상품을 월드타워점에 있는 혁신상품 체험관에 전시하여 고객이 해당 상품들을 직접 체험할 수 있도록 운영하고 있습니다. 2022년 1월 기준 총 43개 의 혁신 상품을 선보였으며 이 중에서 29개 상품이 롯데하이마 트 판매채널을 통해 판매되고 있습니다. 체험관 종료 후 상품기 획자와 해당 상품 기업이 입점 여부를 결정하는 프로세스로 혁 신상품 체험관을 운영하고 있습니다. "
"국내외 가전 시장의 온라인 매출은 지속적으로 성장하고 있습니다. 따라서 온라인 판로 확보는 중소 파트너사 경쟁력의 필수 요소입니다. 롯데하이마트 는 중소 파트너사의 판로 확대를 위해 온라인 쇼핑몰 기획전과 라이브커머스 홍보 등 다양한 활동을 통해 지원하고 있습니다. 매달 진행되는 동반성장 기 획전의 경우, 중소 파트너사가 희망하는 제품을 선보이고 있습니다. 앞으로도 롯데하이마트는 중소 파트너사의 뛰어난 기술력과 제품을 소비자와 연결시 켜주는 유통 판매 플랫폼으로서의 역할을 더욱 강화할 예정입니다. "
니다. 롯데하이마트는 중소 파트너사의 판로 확대를 지원하며 동시에 고객만 족도를 제고하고자 노력하고 있습니다. 
"중소 파트너사와 긴밀한 소통을 유지하여 지속적인 동반성장을 달성하기 위 해 각종 간담회, 문화/교류 행사를 운영하고 있습니다. 2021년에는 코로나19 확산으로 국내외 모든 활동이 위축되었음에도 롯데하이마트는 파트너사와의 협력관계를 위한 노력을 멈추지 않았습니다. 소통을 위한 ‘찾아가는 간담회’, ‘비대면 동반성장 간담회’ 활동과 함께 파트너사 임직원의 삶의 질 향상과 양 사 임직원 간 교류를 활발히 하기 위한 다양한 교류활동을 진행했습니다. "
"중소 파트너사 임직원 삶의 질 향상을 위해 파트너사 임직원과 가족을 위한 문화행사에 초청하고 있습니다. 2021년에는 코로나19로 인해 야구경기 관람, 공연관람 등 파트너사와 소통할 수 있는 문화 행사 진행에 제약이 발생하여, 도서지원 위주로 시행하였습니다. 향후에는 문화 행사를 재개하여 지속해 나 갈 계획입니다. "
"중소 파트너사의 애로사항을 파악하여 조치하기 위한 간담회를 진행하고 있 습니다. 중소 파트너사를 직접 방문하는 ‘찾아가는 간담회’는 롯데하이마트가 제공하는 다양한 동반성장 프로그램을 홍보하고 동시에 파트너사의 고충을 파악, 이에 대한 개선사항을 전달하고자 진행합니다. 연 1회 개최되는 동반성 장 간담회의 경우, 양사간 직원 교류를 활성화함은 물론 내년도 사업 방향성 을 공유하고 의견을 청취하는 자리입니다. 2021년에도 코로나로 인하여 오프 라인 동반성장 간담회는 진행하지 못하였으나, 2021년 12월 온라인 실무자 간담회를 주최하여, 내년도 사업방향을 공유하고 상호간 소통할 수 있는 교 류의 장을 마련하였습니다. "
"롯데하이마트는 매년 파트너사를 대상으로 외부기관을 통한 윤리진단 평가 를 실시하고 있습니다. 해당 평가는 온라인 설문으로 진행하며, 갑질행위 유 무, 금품향응 수수 등을 포함한 윤리경영, 공정거래와 임직원 친절도를 포함 한 거래 만족도 평가 분야를 통해 개선사항을 도출할 수 있습니다. 2021년 종 합지수는 6.1점(7점 척도)으로 높은 점수를 보인 반면 잦은 담당자 변경에 따 른 소통 부족 및 거래절차 간소화를 위한 개선이 필요한 것으로 파악되었습 니다. "
"공정거래 자율준수 프로그램(CP)은 공정거래관련 법규를 준수하기 위해 기 업이 자체적으로 수립 및 운영하는 내부 준법 시스템입니다. 롯데하이마트는 자율준수 프로그램의 필수 요소 8가지2)를 모두 충족하여, 2016년부터 자율 준수 프로그램을 도입하여 운영하고 있습니다. "
"2) 기업이 CP도입을 인정받기 위한 충족 요건으로, CP기준과 절차 마련/시행, 최고경영자의 자율준수 의지/지원, CP 운영 담당 자율준수관리자 임명, 자율준수편람 제작/활용, 지속적/ 체계적 자율준수교육 실시, 내부 감시체계 구축, 공정거래 관련 법규 위반 임직원 대한 제재, 효과성 평가 및 개선 조치가 있음. "
"롯데하이마트는 공정거래위원회 규정에 따라 CP 담당조직을 운영하고 있습 니다. CP 총 책임자인 자율준수관리자는 명확한 책임과 권한 부여를 위해 이 사회를 통해 선임하도록 하였으며, 준법경영부문장이 임명되었습니다. 또한 자율준수CP 담당 조직은 기본방침 및 제재 기준을 설정하고 위법 행위를 사 전 예방하기 위한 교육과 점검을 실시하며, 위반행위에 대한 제재 심의 등을 총괄하고 있습니다. "
투명하고 공정한 거래문화 확립을 위해 롯데하이마트의 거래환경에 부합하 는 공정거래 준수원칙을 규정하고 이를 임직원에게 지속적으로 교육하고 있 습니다. 또한 공정거래 문화를 확립하기 위해 홈페이지에 준수원칙을 공개함 으로써 파트너사 입점 상담 시 공정거래 문화 조성에 동참하도록 하고 있습 니다. 
이 실무에서도 공정거래 준수를 생활화할 수 있도록 2021년 반기 1회 공정거 래 교육을 실시하였습니다. 또한 직책자 교육 시 공정거래 교육을 포함하여 진행하고 있습니다. 
롯데하이마트는 파트너사와 환경 및 안전 관련 파트너십을 구축하여 환경영 향 최소화를 위한 다양한 활동을 진행하고 있습니다. 
"유해화학물질의 안전한 관리와 유출 방지를 위해 파트너사에 대한 지속적인 교육 및 점검활동을 진행하고 있습니다. 전기/소방 파트너사의 경우, 관리 시 스템 개선 및 절연유와 기타 유해물질 배출 방지를 목적으로 합동 점검활동 을 시행합니다. 또한 각 물류센터를 대상으로 취급 가능한 유해/위험 물질의 종류 및 최대 용량을 명시하고 MSDS1)를 부착하도록 권고하고 있습니다. 이 와 더불어 연 2회 이상 취급 화학물질에 대한 수시 검사를 진행하는 등 지속 적인 교육 및 모니터링을 통해 환경영향을 줄이기 위해 노력하고 있습니다. "
"환경 유해물질을 배출할 가능성이 있는 파트너사를 대상으로 연 1회 안전환 경 교육 간담회를 진행하고 있습니다. 간담회는 오염물질 배출 방지의 필요 성 및 방법을 공유하고, 아울러 파트너사별 환경오염 위험 요소를 사전 파악 하고 이에 대한 지원방안을 마련하고자 실시합니다. 코로나19 발생 이후에는 간담회를 개최하는 대신 지속적인 커뮤니케이션, 공문 발송 등으로 대체하고 있습니다. "
"파트너사의 환경성과 평가는 파트너사 ESG 지원사업 내에서 진행되고 있습 니다. 파트너사 ESG 지원사업에서는 파트너사 맞춤형 ESG 지표 개발과 컨설 팅을 시행하고 있습니다. ESG 지표 중 환경 분야에서는 글로벌 ESG 지표 분 석을 통해 기후변화 대응, 에너지 절감, 환경목표 수립이라는 주제를 도출하 여 지표 개발에 적용하고 있습니다. 컨설팅을 통해 파트너사의 환경성과를 평 가하여 우수 파트너사에 혜택을 제공함으로써 파트너사의 자발적인 환경경 영 동참을 이끌어내고 있습니다. "
